Year,Category,Indicator,Response,Data_Value_Type,Data_Value,Number,WeightedNumber,Stratification1,StratificationCategory2,Stratification2,CategoryID,IndicatorID,ResponseID,StratificationCategoryID1,StratificationID1
2016,Demographics,Education level among adults 18 years of age or older,Some High School or Less,Age-adjusted Prevalence,25.9,8284,6934350,Cognitive Disability,,,DEMOG,EDUCATE,EDUCATE01,DISTYPE,COGDIS
2016,Demographics,Education level among adults 18 years of age or older,College Graduate,Age-adjusted Prevalence,31.3,138734,56147022,No Disability,,,DEMOG,EDUCATE,EDUCATE03,DISSTAT,NODIS
2016,Demographics,Education level among adults 18 years of age or older,College Graduate,Age-adjusted Prevalence,13.8,32166,8990822,Any Disability,,,DEMOG,EDUCATE,EDUCATE03,DISSTAT,DISABL
2016,Demographics,Education level among adults 18 years of age or older,High School Graduate,Age-adjusted Prevalence,62.6,30874,16201683,Cognitive Disability,,,DEMOG,EDUCATE,EDUCATE02,DISTYPE,COGDIS
2016,Demographics,Education level among adults 18 years of age or older,Some High School or Less,Age-adjusted Prevalence,10.5,16910,18740635,No Disability,,,DEMOG,EDUCATE,EDUCATE01,DISSTAT,NODIS
2016,Demographics,Education level among adults 18 years of age or older,College Graduate,Age-adjusted Prevalence,11.5,8858,3010850,Cognitive Disability,,,DEMOG,EDUCATE,EDUCATE03,DISTYPE,COGDIS
2016,Demographics,Education level among adults 18 years of age or older,High School Graduate,Age-adjusted Prevalence,63.5,87760,38877292,Any Disability,,,DEMOG,EDUCATE,EDUCATE02,DISSTAT,DISABL
2016,Demographics,Education level among adults 18 years of age or older,Some High School or Less,Age-adjusted Prevalence,22.8,19096,14556975,Any Disability,,,DEMOG,EDUCATE,EDUCATE01,DISSTAT,DISABL
2016,Demographics,Education level among adults 18 years of age or older,High School Graduate,Age-adjusted Prevalence,58.2,171266,104178563,No Disability,,,DEMOG,EDUCATE,EDUCATE02,DISSTAT,NODIS
2017,Demographics,Education level among adults 18 years of age or older,Some High School or Less,Age-adjusted Prevalence,22.3,16599,14566496,Any Disability,,,DEMOG,EDUCATE,EDUCATE01,DISSTAT,DISABL
2017,Demographics,Education level among adults 18 years of age or older,College Graduate,Age-adjusted Prevalence,11.5,8673,3182910,Cognitive Disability,,,DEMOG,EDUCATE,EDUCATE03,DISTYPE,COGDIS
2017,Demographics,Education level among adults 18 years of age or older,College Graduate,Age-adjusted Prevalence,14,31849,9703079,Any Disability,,,DEMOG,EDUCATE,EDUCATE03,DISSTAT,DISABL
2017,Demographics,Education level among adults 18 years of age or older,Some High School or Less,Age-adjusted Prevalence,10.1,14348,17904135,No Disability,,,DEMOG,EDUCATE,EDUCATE01,DISSTAT,NODIS
2017,Demographics,Education level among adults 18 years of age or older,Some High School or Less,Age-adjusted Prevalence,25.4,7433,7150138,Cognitive Disability,,,DEMOG,EDUCATE,EDUCATE01,DISTYPE,COGDIS
2017,Demographics,Education level among adults 18 years of age or older,High School Graduate,Age-adjusted Prevalence,57.8,154429,102343225,No Disability,,,DEMOG,EDUCATE,EDUCATE02,DISSTAT,NODIS
2017,Demographics,Education level among adults 18 years of age or older,High School Graduate,Age-adjusted Prevalence,63.1,29776,17395541,Cognitive Disability,,,DEMOG,EDUCATE,EDUCATE02,DISTYPE,COGDIS
2017,Demographics,Education level among adults 18 years of age or older,College Graduate,Age-adjusted Prevalence,32.1,131054,57173271,No Disability,,,DEMOG,EDUCATE,EDUCATE03,DISSTAT,NODIS
2017,Demographics,Education level among adults 18 years of age or older,High School Graduate,Age-adjusted Prevalence,63.7,82467,40850417,Any Disability,,,DEMOG,EDUCATE,EDUCATE02,DISSTAT,DISABL
2016,Demographics,Employment status among adults 18 years of age or older,Other,Age-adjusted Prevalence,27.2,16364,7103334,Cognitive Disability,,,DEMOG,JOB,JOB04,DISTYPE,COGDIS
2016,Demographics,Employment status among adults 18 years of age or older,Out of Work,Age-adjusted Prevalence,9.4,7081,4610159,Any Disability,,,DEMOG,JOB,JOB02,DISSTAT,DISABL
2016,Demographics,Employment status among adults 18 years of age or older,Employed,Age-adjusted Prevalence,35.4,12423,8673472,Cognitive Disability,,,DEMOG,JOB,JOB01,DISTYPE,COGDIS
2016,Demographics,Employment status among adults 18 years of age or older,Other,Age-adjusted Prevalence,28.8,67088,23653377,Any Disability,,,DEMOG,JOB,JOB04,DISSTAT,DISABL
2016,Demographics,Employment status among adults 18 years of age or older,Other,Age-adjusted Prevalence,28.8,114400,49854804,No Disability,,,DEMOG,JOB,JOB04,DISSTAT,NODIS
2016,Demographics,Employment status among adults 18 years of age or older,Employed,Age-adjusted Prevalence,65,194504,117187505,No Disability,,,DEMOG,JOB,JOB01,DISSTAT,NODIS
2016,Demographics,Employment status among adults 18 years of age or older,Unable to Work,Age-adjusted Prevalence,1.6,5318,2912025,No Disability,,,DEMOG,JOB,JOB03,DISSTAT,NODIS
2016,Demographics,Employment status among adults 18 years of age or older,Employed,Age-adjusted Prevalence,39.7,34078,19775468,Any Disability,,,DEMOG,JOB,JOB01,DISSTAT,DISABL
2016,Demographics,Employment status among adults 18 years of age or older,Unable to Work,Age-adjusted Prevalence,22.1,30329,14080131,Any Disability,,,DEMOG,JOB,JOB03,DISSTAT,DISABL
2016,Demographics,Employment status among adults 18 years of age or older,Unable to Work,Age-adjusted Prevalence,27.1,15369,7629795,Cognitive Disability,,,DEMOG,JOB,JOB03,DISTYPE,COGDIS
2016,Demographics,Employment status among adults 18 years of age or older,Out of Work,Age-adjusted Prevalence,10.3,3669,2590834,Cognitive Disability,,,DEMOG,JOB,JOB02,DISTYPE,COGDIS
2016,Demographics,Employment status among adults 18 years of age or older,Out of Work,Age-adjusted Prevalence,4.6,11413,8244476,No Disability,,,DEMOG,JOB,JOB02,DISSTAT,NODIS
2017,Demographics,Employment status among adults 18 years of age or older,Unable to Work,Age-adjusted Prevalence,26.4,13981,7792658,Cognitive Disability,,,DEMOG,JOB,JOB03,DISTYPE,COGDIS
2017,Demographics,Employment status among adults 18 years of age or older,Out of Work,Age-adjusted Prevalence,10.9,4025,2947222,Cognitive Disability,,,DEMOG,JOB,JOB02,DISTYPE,COGDIS
2017,Demographics,Employment status among adults 18 years of age or older,Other,Age-adjusted Prevalence,28.3,61561,24363929,Any Disability,,,DEMOG,JOB,JOB04,DISSTAT,DISABL
2017,Demographics,Employment status among adults 18 years of age or older,Unable to Work,Age-adjusted Prevalence,21.4,27011,14160019,Any Disability,,,DEMOG,JOB,JOB03,DISSTAT,DISABL
2017,Demographics,Employment status among adults 18 years of age or older,Employed,Age-adjusted Prevalence,40.4,34168,21024572,Any Disability,,,DEMOG,JOB,JOB01,DISSTAT,DISABL
2017,Demographics,Employment status among adults 18 years of age or older,Out of Work,Age-adjusted Prevalence,10,7804,5295404,Any Disability,,,DEMOG,JOB,JOB02,DISSTAT,DISABL
2017,Demographics,Employment status among adults 18 years of age or older,Other,Age-adjusted Prevalence,28.5,102355,49409332,No Disability,,,DEMOG,JOB,JOB04,DISSTAT,NODIS
2017,Demographics,Employment status among adults 18 years of age or older,Other,Age-adjusted Prevalence,26.5,15049,7314914,Cognitive Disability,,,DEMOG,JOB,JOB04,DISTYPE,COGDIS
2017,Demographics,Employment status among adults 18 years of age or older,Unable to Work,Age-adjusted Prevalence,1.5,4578,2691591,No Disability,,,DEMOG,JOB,JOB03,DISSTAT,NODIS
2017,Demographics,Employment status among adults 18 years of age or older,Employed,Age-adjusted Prevalence,36.3,12652,9504840,Cognitive Disability,,,DEMOG,JOB,JOB01,DISTYPE,COGDIS
2017,Demographics,Employment status among adults 18 years of age or older,Employed,Age-adjusted Prevalence,65.3,180650,116073706,No Disability,,,DEMOG,JOB,JOB01,DISSTAT,NODIS
2017,Demographics,Employment status among adults 18 years of age or older,Out of Work,Age-adjusted Prevalence,4.7,10998,8222910,No Disability,,,DEMOG,JOB,JOB02,DISSTAT,NODIS
2016,Demographics,Income level among adults 18 years of age or older,"<$15,000",Age-adjusted Prevalence,7.4,16567,11248041,No Disability,,,DEMOG,INCOMEN,INCOME01,DISSTAT,NODIS
2016,Demographics,Income level among adults 18 years of age or older,"$35,000 to <$50,000",Age-adjusted Prevalence,12.5,15608,6563074,Any Disability,,,DEMOG,INCOMEN,INCOME04,DISSTAT,DISABL
2016,Demographics,Income level among adults 18 years of age or older,"$25,000 to <$35,000",Age-adjusted Prevalence,11.5,4726,2449880,Cognitive Disability,,,DEMOG,INCOMEN,INCOME03,DISTYPE,COGDIS
2016,Demographics,Income level among adults 18 years of age or older,"$15,000 to <$25,000",Age-adjusted Prevalence,26.5,30241,13501555,Any Disability,,,DEMOG,INCOMEN,INCOME02,DISSTAT,DISABL
2016,Demographics,Income level among adults 18 years of age or older,"$15,000 to <$25,000",Age-adjusted Prevalence,28,11229,5934325,Cognitive Disability,,,DEMOG,INCOMEN,INCOME02,DISTYPE,COGDIS
2016,Demographics,Income level among adults 18 years of age or older,"$50,000+",Age-adjusted Prevalence,54.6,158559,84908236,No Disability,,,DEMOG,INCOMEN,INCOME05,DISSTAT,NODIS
2016,Demographics,Income level among adults 18 years of age or older,"$50,000+",Age-adjusted Prevalence,26,29652,13582088,Any Disability,,,DEMOG,INCOMEN,INCOME05,DISSTAT,DISABL
2016,Demographics,Income level among adults 18 years of age or older,"<$15,000",Age-adjusted Prevalence,27.1,11040,5937049,Cognitive Disability,,,DEMOG,INCOMEN,INCOME01,DISTYPE,COGDIS
2016,Demographics,Income level among adults 18 years of age or older,"$15,000 to <$25,000",Age-adjusted Prevalence,14.3,36399,21725775,No Disability,,,DEMOG,INCOMEN,INCOME02,DISSTAT,NODIS
2016,Demographics,Income level among adults 18 years of age or older,"$50,000+",Age-adjusted Prevalence,22.1,7829,4683824,Cognitive Disability,,,DEMOG,INCOMEN,INCOME05,DISTYPE,COGDIS
2016,Demographics,Income level among adults 18 years of age or older,"$25,000 to <$35,000",Age-adjusted Prevalence,12.2,15002,6516222,Any Disability,,,DEMOG,INCOMEN,INCOME03,DISSTAT,DISABL
2016,Demographics,Income level among adults 18 years of age or older,"$35,000 to <$50,000",Age-adjusted Prevalence,11.3,4615,2382040,Cognitive Disability,,,DEMOG,INCOMEN,INCOME04,DISTYPE,COGDIS
2016,Demographics,Income level among adults 18 years of age or older,"$25,000 to <$35,000",Age-adjusted Prevalence,9.8,27862,14806939,No Disability,,,DEMOG,INCOMEN,INCOME03,DISSTAT,NODIS
2016,Demographics,Income level among adults 18 years of age or older,"<$15,000",Age-adjusted Prevalence,22.8,23899,11370240,Any Disability,,,DEMOG,INCOMEN,INCOME01,DISSTAT,DISABL
2016,Demographics,Income level among adults 18 years of age or older,"$35,000 to <$50,000",Age-adjusted Prevalence,13.9,41319,21152856,No Disability,,,DEMOG,INCOMEN,INCOME04,DISSTAT,NODIS
2017,Demographics,Income level among adults 18 years of age or older,"$35,000 to <$50,000",Age-adjusted Prevalence,12.6,15039,6884311,Any Disability,,,DEMOG,INCOMEN,INCOME04,DISSTAT,DISABL
2017,Demographics,Income level among adults 18 years of age or older,"$35,000 to <$50,000",Age-adjusted Prevalence,13.3,36743,20192485,No Disability,,,DEMOG,INCOMEN,INCOME04,DISSTAT,NODIS
2017,Demographics,Income level among adults 18 years of age or older,"<$15,000",Age-adjusted Prevalence,22.3,21962,11793981,Any Disability,,,DEMOG,INCOMEN,INCOME01,DISSTAT,DISABL
2017,Demographics,Income level among adults 18 years of age or older,"<$15,000",Age-adjusted Prevalence,7.3,14568,10974403,No Disability,,,DEMOG,INCOMEN,INCOME01,DISSTAT,NODIS
2017,Demographics,Income level among adults 18 years of age or older,"$50,000+",Age-adjusted Prevalence,23.5,7776,5247862,Cognitive Disability,,,DEMOG,INCOMEN,INCOME05,DISTYPE,COGDIS
2017,Demographics,Income level among adults 18 years of age or older,"$25,000 to <$35,000",Age-adjusted Prevalence,11.7,4454,2632142,Cognitive Disability,,,DEMOG,INCOMEN,INCOME03,DISTYPE,COGDIS
2017,Demographics,Income level among adults 18 years of age or older,"$50,000+",Age-adjusted Prevalence,55.7,148861,85787189,No Disability,,,DEMOG,INCOMEN,INCOME05,DISSTAT,NODIS
2017,Demographics,Income level among adults 18 years of age or older,"$25,000 to <$35,000",Age-adjusted Prevalence,9.7,24937,14577871,No Disability,,,DEMOG,INCOMEN,INCOME03,DISSTAT,NODIS
2017,Demographics,Income level among adults 18 years of age or older,"$35,000 to <$50,000",Age-adjusted Prevalence,11.1,4405,2458655,Cognitive Disability,,,DEMOG,INCOMEN,INCOME04,DISTYPE,COGDIS
2017,Demographics,Income level among adults 18 years of age or older,"$25,000 to <$35,000",Age-adjusted Prevalence,12.2,13679,6680927,Any Disability,,,DEMOG,INCOMEN,INCOME03,DISSTAT,DISABL
2017,Demographics,Income level among adults 18 years of age or older,"$50,000+",Age-adjusted Prevalence,27.6,29579,14778968,Any Disability,,,DEMOG,INCOMEN,INCOME05,DISSTAT,DISABL
2017,Demographics,Income level among adults 18 years of age or older,"$15,000 to <$25,000",Age-adjusted Prevalence,26.9,10558,6072318,Cognitive Disability,,,DEMOG,INCOMEN,INCOME02,DISTYPE,COGDIS
2017,Demographics,Income level among adults 18 years of age or older,"<$15,000",Age-adjusted Prevalence,26.8,10438,6200366,Cognitive Disability,,,DEMOG,INCOMEN,INCOME01,DISTYPE,COGDIS
2017,Demographics,Income level among adults 18 years of age or older,"$15,000 to <$25,000",Age-adjusted Prevalence,14,32355,21058530,No Disability,,,DEMOG,INCOMEN,INCOME02,DISSTAT,NODIS
2017,Demographics,Income level among adults 18 years of age or older,"$15,000 to <$25,000",Age-adjusted Prevalence,25.3,27553,13474515,Any Disability,,,DEMOG,INCOMEN,INCOME02,DISSTAT,DISABL
2016,Demographics,Marital status among adults 18 years of age or older,Never Married,Age-adjusted Prevalence,25.8,54214,45539059,No Disability,,,DEMOG,MARRIED,MARRIED04,DISSTAT,NODIS
2016,Demographics,Marital status among adults 18 years of age or older,Widowed,Age-adjusted Prevalence,8.3,7322,2335784,Cognitive Disability,,,DEMOG,MARRIED,MARRIED03,DISTYPE,COGDIS
2016,Demographics,Marital status among adults 18 years of age or older,Married / Unmarried Couple,Age-adjusted Prevalence,44.3,60646,28957979,Any Disability,,,DEMOG,MARRIED,MARRIED01,DISSTAT,DISABL
2016,Demographics,Marital status among adults 18 years of age or older,Divorced / Separated,Age-adjusted Prevalence,11.1,43551,20045667,No Disability,,,DEMOG,MARRIED,MARRIED02,DISSTAT,NODIS
2016,Demographics,Marital status among adults 18 years of age or older,Married / Unmarried Couple,Age-adjusted Prevalence,58.3,198148,104768041,No Disability,,,DEMOG,MARRIED,MARRIED01,DISSTAT,NODIS
2016,Demographics,Marital status among adults 18 years of age or older,Never Married,Age-adjusted Prevalence,31.6,9373,7473703,Cognitive Disability,,,DEMOG,MARRIED,MARRIED04,DISTYPE,COGDIS
2016,Demographics,Marital status among adults 18 years of age or older,Widowed,Age-adjusted Prevalence,7.9,29218,8225631,Any Disability,,,DEMOG,MARRIED,MARRIED03,DISSTAT,DISABL
2016,Demographics,Marital status among adults 18 years of age or older,Divorced / Separated,Age-adjusted Prevalence,18.5,30079,12426235,Any Disability,,,DEMOG,MARRIED,MARRIED02,DISSTAT,DISABL
2016,Demographics,Marital status among adults 18 years of age or older,Widowed,Age-adjusted Prevalence,4.7,29925,8166639,No Disability,,,DEMOG,MARRIED,MARRIED03,DISSTAT,NODIS
2016,Demographics,Marital status among adults 18 years of age or older,Married / Unmarried Couple,Age-adjusted Prevalence,39.8,18799,10588858,Cognitive Disability,,,DEMOG,MARRIED,MARRIED01,DISTYPE,COGDIS
2016,Demographics,Marital status among adults 18 years of age or older,Never Married,Age-adjusted Prevalence,29.3,18745,12641073,Any Disability,,,DEMOG,MARRIED,MARRIED04,DISSTAT,DISABL
2016,Demographics,Marital status among adults 18 years of age or older,Divorced / Separated,Age-adjusted Prevalence,20.4,12391,5659445,Cognitive Disability,,,DEMOG,MARRIED,MARRIED02,DISTYPE,COGDIS
2017,Demographics,Marital status among adults 18 years of age or older,Married / Unmarried Couple,Age-adjusted Prevalence,44.2,57285,30142178,Any Disability,,,DEMOG,MARRIED,MARRIED01,DISSTAT,DISABL
2017,Demographics,Marital status among adults 18 years of age or older,Never Married,Age-adjusted Prevalence,29.7,18916,13586007,Any Disability,,,DEMOG,MARRIED,MARRIED04,DISSTAT,DISABL
2017,Demographics,Marital status among adults 18 years of age or older,Married / Unmarried Couple,Age-adjusted Prevalence,39.4,17614,11067830,Cognitive Disability,,,DEMOG,MARRIED,MARRIED01,DISTYPE,COGDIS
2017,Demographics,Marital status among adults 18 years of age or older,Never Married,Age-adjusted Prevalence,25.9,51679,44895740,No Disability,,,DEMOG,MARRIED,MARRIED04,DISSTAT,NODIS
2017,Demographics,Marital status among adults 18 years of age or older,Married / Unmarried Couple,Age-adjusted Prevalence,58.4,180939,103970860,No Disability,,,DEMOG,MARRIED,MARRIED01,DISSTAT,NODIS
2017,Demographics,Marital status among adults 18 years of age or older,Divorced / Separated,Age-adjusted Prevalence,11,39892,19795293,No Disability,,,DEMOG,MARRIED,MARRIED02,DISSTAT,NODIS
2017,Demographics,Marital status among adults 18 years of age or older,Widowed,Age-adjusted Prevalence,8,26151,8555101,Any Disability,,,DEMOG,MARRIED,MARRIED03,DISSTAT,DISABL
2017,Demographics,Marital status among adults 18 years of age or older,Divorced / Separated,Age-adjusted Prevalence,19.9,11757,5855805,Cognitive Disability,,,DEMOG,MARRIED,MARRIED02,DISTYPE,COGDIS
2017,Demographics,Marital status among adults 18 years of age or older,Widowed,Age-adjusted Prevalence,4.7,26366,8260629,No Disability,,,DEMOG,MARRIED,MARRIED03,DISSTAT,NODIS
2017,Demographics,Marital status among adults 18 years of age or older,Divorced / Separated,Age-adjusted Prevalence,18.2,28295,12709598,Any Disability,,,DEMOG,MARRIED,MARRIED02,DISSTAT,DISABL
2017,Demographics,Marital status among adults 18 years of age or older,Widowed,Age-adjusted Prevalence,8.3,6637,2464808,Cognitive Disability,,,DEMOG,MARRIED,MARRIED03,DISTYPE,COGDIS
2017,Demographics,Marital status among adults 18 years of age or older,Never Married,Age-adjusted Prevalence,32.4,9791,8251517,Cognitive Disability,,,DEMOG,MARRIED,MARRIED04,DISTYPE,COGDIS
2016,Disability Estimates,Disability status and types among adults 18 years of age or older by age group,45-64,Prevalence,71.2,127127,58041858,No Disability,,,DISEST,AGEIND,AGE02,DISSTAT,NODIS
2016,Disability Estimates,Disability status and types among adults 18 years of age or older by age group,65+,Prevalence,9.5,14827,4662089,Cognitive Disability,,,DISEST,AGEIND,AGE03,DISTYPE,COGDIS
2016,Disability Estimates,Disability status and types among adults 18 years of age or older by age group,45-64,Prevalence,28.8,50409,23526756,Any Disability,,,DISEST,AGEIND,AGE02,DISSTAT,DISABL
2016,Disability Estimates,Disability status and types among adults 18 years of age or older by age group,45-64,Prevalence,11.9,20332,9710859,Cognitive Disability,,,DISEST,AGEIND,AGE02,DISTYPE,COGDIS
2016,Disability Estimates,Disability status and types among adults 18 years of age or older by age group,18-44,Prevalence,16.7,20818,18660940,Any Disability,,,DISEST,AGEIND,AGE01,DISSTAT,DISABL
2016,Disability Estimates,Disability status and types among adults 18 years of age or older by age group,18-44,Prevalence,83.3,103526,93289977,No Disability,,,DISEST,AGEIND,AGE01,DISSTAT,NODIS
2016,Disability Estimates,Disability status and types among adults 18 years of age or older by age group,65+,Prevalence,58.1,97164,28320087,No Disability,,,DISEST,AGEIND,AGE03,DISSTAT,NODIS
2016,Disability Estimates,Disability status and types among adults 18 years of age or older by age group,18-44,Prevalence,10.5,13016,11842935,Cognitive Disability,,,DISEST,AGEIND,AGE01,DISTYPE,COGDIS
2016,Disability Estimates,Disability status and types among adults 18 years of age or older by age group,65+,Prevalence,41.9,68248,20400439,Any Disability,,,DISEST,AGEIND,AGE03,DISSTAT,DISABL
2017,Disability Estimates,Disability status and types among adults 18 years of age or older by age group,65+,Prevalence,42.3,63358,21260021,Any Disability,,,DISEST,AGEIND,AGE03,DISSTAT,DISABL
2017,Disability Estimates,Disability status and types among adults 18 years of age or older by age group,45-64,Prevalence,70.7,113301,57512847,No Disability,,,DISEST,AGEIND,AGE02,DISSTAT,NODIS
2017,Disability Estimates,Disability status and types among adults 18 years of age or older by age group,65+,Prevalence,9.7,13782,4917981,Cognitive Disability,,,DISEST,AGEIND,AGE03,DISTYPE,COGDIS
2017,Disability Estimates,Disability status and types among adults 18 years of age or older by age group,65+,Prevalence,57.7,88691,28952318,No Disability,,,DISEST,AGEIND,AGE03,DISSTAT,NODIS
2017,Disability Estimates,Disability status and types among adults 18 years of age or older by age group,18-44,Prevalence,81.8,98753,91506261,No Disability,,,DISEST,AGEIND,AGE01,DISSTAT,NODIS
2017,Disability Estimates,Disability status and types among adults 18 years of age or older by age group,45-64,Prevalence,12.3,19003,10062658,Cognitive Disability,,,DISEST,AGEIND,AGE02,DISTYPE,COGDIS
2017,Disability Estimates,Disability status and types among adults 18 years of age or older by age group,45-64,Prevalence,29.3,46883,23815177,Any Disability,,,DISEST,AGEIND,AGE02,DISSTAT,DISABL
2017,Disability Estimates,Disability status and types among adults 18 years of age or older by age group,18-44,Prevalence,18.2,21165,20298441,Any Disability,,,DISEST,AGEIND,AGE01,DISSTAT,DISABL
2017,Disability Estimates,Disability status and types among adults 18 years of age or older by age group,18-44,Prevalence,11.4,13284,12845878,Cognitive Disability,,,DISEST,AGEIND,AGE01,DISTYPE,COGDIS
2016,Disability Estimates,Disability status and types among adults 18 years of age or older by race/ethnicity,"Native Hawaiian or Other Pacific Islander, non-Hispanic",Age-adjusted Prevalence,25.4,392,109573,Any Disability,,,DISEST,RACEIND,RACE06,DISSTAT,DISABL
2016,Disability Estimates,Disability status and types among adults 18 years of age or older by race/ethnicity,"Native Hawaiian or Other Pacific Islander, non-Hispanic",Age-adjusted Prevalence,74.6,985,354662,No Disability,,,DISEST,RACEIND,RACE06,DISSTAT,NODIS
2016,Disability Estimates,Disability status and types among adults 18 years of age or older by race/ethnicity,"White, non-Hispanic",Age-adjusted Prevalence,76.7,251660,112593444,No Disability,,,DISEST,RACEIND,RACE01,DISSTAT,NODIS
2016,Disability Estimates,Disability status and types among adults 18 years of age or older by race/ethnicity,"American Indian or Alaska Native, non-Hispanic",Age-adjusted Prevalence,38.7,2911,881494,Any Disability,,,DISEST,RACEIND,RACE07,DISSTAT,DISABL
2016,Disability Estimates,Disability status and types among adults 18 years of age or older by race/ethnicity,Hispanic,Age-adjusted Prevalence,70.7,25785,29061252,No Disability,,,DISEST,RACEIND,RACE03,DISSTAT,NODIS
2016,Disability Estimates,Disability status and types among adults 18 years of age or older by race/ethnicity,"White, non-Hispanic",Age-adjusted Prevalence,23.3,103772,38956019,Any Disability,,,DISEST,RACEIND,RACE01,DISSTAT,DISABL
2016,Disability Estimates,Disability status and types among adults 18 years of age or older by race/ethnicity,Hispanic,Age-adjusted Prevalence,29.3,11453,10542706,Any Disability,,,DISEST,RACEIND,RACE03,DISSTAT,DISABL
2016,Disability Estimates,Disability status and types among adults 18 years of age or older by race/ethnicity,"Asian, non-Hispanic",Age-adjusted Prevalence,14.3,1416,1502002,Any Disability,,,DISEST,RACEIND,RACE05,DISSTAT,DISABL
2016,Disability Estimates,Disability status and types among adults 18 years of age or older by race/ethnicity,"American Indian or Alaska Native, non-Hispanic",Age-adjusted Prevalence,61.3,3966,1350625,No Disability,,,DISEST,RACEIND,RACE07,DISSTAT,NODIS
2016,Disability Estimates,Disability status and types among adults 18 years of age or older by race/ethnicity,"Black, non-Hispanic",Age-adjusted Prevalence,71.8,24975,19887750,No Disability,,,DISEST,RACEIND,RACE02,DISSTAT,NODIS
2016,Disability Estimates,Disability status and types among adults 18 years of age or older by race/ethnicity,"Asian, non-Hispanic",Age-adjusted Prevalence,85.7,8424,10480307,No Disability,,,DISEST,RACEIND,RACE05,DISSTAT,NODIS
2016,Disability Estimates,Disability status and types among adults 18 years of age or older by race/ethnicity,"Other / Multirace, non-Hispanic",Age-adjusted Prevalence,35,4241,1470543,Any Disability,,,DISEST,RACEIND,RACE04,DISSTAT,DISABL
2016,Disability Estimates,Disability status and types among adults 18 years of age or older by race/ethnicity,"Other / Multirace, non-Hispanic",Age-adjusted Prevalence,65,6941,2853201,No Disability,,,DISEST,RACEIND,RACE04,DISSTAT,NODIS
2016,Disability Estimates,Disability status and types among adults 18 years of age or older by race/ethnicity,"Black, non-Hispanic",Age-adjusted Prevalence,28.2,12548,7882464,Any Disability,,,DISEST,RACEIND,RACE02,DISSTAT,DISABL
2016,Disability Estimates,Disability status and types among adults 18 years of age or older by race/ethnicity,"Other / Multirace, non-Hispanic",Age-adjusted Prevalence,17.6,1811,764122,Cognitive Disability,,,DISEST,RACEIND,RACE04,DISTYPE,COGDIS
2016,Disability Estimates,Disability status and types among adults 18 years of age or older by race/ethnicity,"Black, non-Hispanic",Age-adjusted Prevalence,12.2,4707,3434267,Cognitive Disability,,,DISEST,RACEIND,RACE02,DISTYPE,COGDIS
2016,Disability Estimates,Disability status and types among adults 18 years of age or older by race/ethnicity,"American Indian or Alaska Native, non-Hispanic",Age-adjusted Prevalence,19.9,1219,451057,Cognitive Disability,,,DISEST,RACEIND,RACE07,DISTYPE,COGDIS
2016,Disability Estimates,Disability status and types among adults 18 years of age or older by race/ethnicity,"White, non-Hispanic",Age-adjusted Prevalence,10.4,33803,15493741,Cognitive Disability,,,DISEST,RACEIND,RACE01,DISTYPE,COGDIS
2016,Disability Estimates,Disability status and types among adults 18 years of age or older by race/ethnicity,"Native Hawaiian or Other Pacific Islander, non-Hispanic",Age-adjusted Prevalence,10.4,153,45682,Cognitive Disability,,,DISEST,RACEIND,RACE06,DISTYPE,COGDIS
2016,Disability Estimates,Disability status and types among adults 18 years of age or older by race/ethnicity,"Asian, non-Hispanic",Age-adjusted Prevalence,5.8,536,667454,Cognitive Disability,,,DISEST,RACEIND,RACE05,DISTYPE,COGDIS
2016,Disability Estimates,Disability status and types among adults 18 years of age or older by race/ethnicity,Hispanic,Age-adjusted Prevalence,12.5,4936,4802161,Cognitive Disability,,,DISEST,RACEIND,RACE03,DISTYPE,COGDIS
2017,Disability Estimates,Disability status and types among adults 18 years of age or older by race/ethnicity,Hispanic,Age-adjusted Prevalence,70.8,24200,29229735,No Disability,,,DISEST,RACEIND,RACE03,DISSTAT,NODIS
2017,Disability Estimates,Disability status and types among adults 18 years of age or older by race/ethnicity,"American Indian or Alaska Native, non-Hispanic",Age-adjusted Prevalence,18.5,1460,453461,Cognitive Disability,,,DISEST,RACEIND,RACE07,DISTYPE,COGDIS
2017,Disability Estimates,Disability status and types among adults 18 years of age or older by race/ethnicity,"American Indian or Alaska Native, non-Hispanic",Age-adjusted Prevalence,40.8,3491,1000959,Any Disability,,,DISEST,RACEIND,RACE07,DISSTAT,DISABL
2017,Disability Estimates,Disability status and types among adults 18 years of age or older by race/ethnicity,"Black, non-Hispanic",Age-adjusted Prevalence,29.2,11632,8259269,Any Disability,,,DISEST,RACEIND,RACE02,DISSTAT,DISABL
2017,Disability Estimates,Disability status and types among adults 18 years of age or older by race/ethnicity,"Native Hawaiian or Other Pacific Islander, non-Hispanic",Age-adjusted Prevalence,71.3,1038,359925,No Disability,,,DISEST,RACEIND,RACE06,DISSTAT,NODIS
2017,Disability Estimates,Disability status and types among adults 18 years of age or older by race/ethnicity,"Other / Multirace, non-Hispanic",Age-adjusted Prevalence,65.8,6838,2910361,No Disability,,,DISEST,RACEIND,RACE04,DISSTAT,NODIS
2017,Disability Estimates,Disability status and types among adults 18 years of age or older by race/ethnicity,"Other / Multirace, non-Hispanic",Age-adjusted Prevalence,34.2,4132,1505077,Any Disability,,,DISEST,RACEIND,RACE04,DISSTAT,DISABL
2017,Disability Estimates,Disability status and types among adults 18 years of age or older by race/ethnicity,"American Indian or Alaska Native, non-Hispanic",Age-adjusted Prevalence,59.2,4510,1364805,No Disability,,,DISEST,RACEIND,RACE07,DISSTAT,NODIS
2017,Disability Estimates,Disability status and types among adults 18 years of age or older by race/ethnicity,"Native Hawaiian or Other Pacific Islander, non-Hispanic",Age-adjusted Prevalence,10.5,162,49459,Cognitive Disability,,,DISEST,RACEIND,RACE06,DISTYPE,COGDIS
2017,Disability Estimates,Disability status and types among adults 18 years of age or older by race/ethnicity,"Asian, non-Hispanic",Age-adjusted Prevalence,15.7,1419,1766933,Any Disability,,,DISEST,RACEIND,RACE05,DISSTAT,DISABL
2017,Disability Estimates,Disability status and types among adults 18 years of age or older by race/ethnicity,"Native Hawaiian or Other Pacific Islander, non-Hispanic",Age-adjusted Prevalence,28.7,425,123724,Any Disability,,,DISEST,RACEIND,RACE06,DISSTAT,DISABL
2017,Disability Estimates,Disability status and types among adults 18 years of age or older by race/ethnicity,Hispanic,Age-adjusted Prevalence,29.2,10936,10719450,Any Disability,,,DISEST,RACEIND,RACE03,DISSTAT,DISABL
2017,Disability Estimates,Disability status and types among adults 18 years of age or older by race/ethnicity,"White, non-Hispanic",Age-adjusted Prevalence,24.4,96549,40571295,Any Disability,,,DISEST,RACEIND,RACE01,DISSTAT,DISABL
2017,Disability Estimates,Disability status and types among adults 18 years of age or older by race/ethnicity,"White, non-Hispanic",Age-adjusted Prevalence,11,31769,16300606,Cognitive Disability,,,DISEST,RACEIND,RACE01,DISTYPE,COGDIS
2017,Disability Estimates,Disability status and types among adults 18 years of age or older by race/ethnicity,"Asian, non-Hispanic",Age-adjusted Prevalence,84.3,7828,10961982,No Disability,,,DISEST,RACEIND,RACE05,DISSTAT,NODIS
2017,Disability Estimates,Disability status and types among adults 18 years of age or older by race/ethnicity,"White, non-Hispanic",Age-adjusted Prevalence,75.6,229153,110662242,No Disability,,,DISEST,RACEIND,RACE01,DISSTAT,NODIS
2017,Disability Estimates,Disability status and types among adults 18 years of age or older by race/ethnicity,Hispanic,Age-adjusted Prevalence,13.1,4745,5120711,Cognitive Disability,,,DISEST,RACEIND,RACE03,DISTYPE,COGDIS
2017,Disability Estimates,Disability status and types among adults 18 years of age or older by race/ethnicity,"Black, non-Hispanic",Age-adjusted Prevalence,70.8,22173,19474182,No Disability,,,DISEST,RACEIND,RACE02,DISSTAT,NODIS
2017,Disability Estimates,Disability status and types among adults 18 years of age or older by race/ethnicity,"Asian, non-Hispanic",Age-adjusted Prevalence,7.3,536,882225,Cognitive Disability,,,DISEST,RACEIND,RACE05,DISTYPE,COGDIS
2017,Disability Estimates,Disability status and types among adults 18 years of age or older by race/ethnicity,"Black, non-Hispanic",Age-adjusted Prevalence,13,4475,3676791,Cognitive Disability,,,DISEST,RACEIND,RACE02,DISTYPE,COGDIS
2017,Disability Estimates,Disability status and types among adults 18 years of age or older by race/ethnicity,"Other / Multirace, non-Hispanic",Age-adjusted Prevalence,17.4,1864,770677,Cognitive Disability,,,DISEST,RACEIND,RACE04,DISTYPE,COGDIS
2016,Disability Estimates,Disability status and types among adults 18 years of age or older by sex,Female,Age-adjusted Prevalence,74.2,181811,90124301,No Disability,,,DISEST,SEXIND,SEX02,DISSTAT,NODIS
2016,Disability Estimates,Disability status and types among adults 18 years of age or older by sex,Male,Age-adjusted Prevalence,23.3,56297,28438667,Any Disability,,,DISEST,SEXIND,SEX01,DISSTAT,DISABL
2016,Disability Estimates,Disability status and types among adults 18 years of age or older by sex,Male,Age-adjusted Prevalence,76.7,145981,89515554,No Disability,,,DISEST,SEXIND,SEX01,DISSTAT,NODIS
2016,Disability Estimates,Disability status and types among adults 18 years of age or older by sex,Female,Age-adjusted Prevalence,25.8,83154,34134850,Any Disability,,,DISEST,SEXIND,SEX02,DISSTAT,DISABL
2016,Disability Estimates,Disability status and types among adults 18 years of age or older by sex,Male,Age-adjusted Prevalence,9.6,18521,11357846,Cognitive Disability,,,DISEST,SEXIND,SEX01,DISTYPE,COGDIS
2016,Disability Estimates,Disability status and types among adults 18 years of age or older by sex,Female,Age-adjusted Prevalence,11.9,29644,14852532,Cognitive Disability,,,DISEST,SEXIND,SEX02,DISTYPE,COGDIS
2017,Disability Estimates,Disability status and types among adults 18 years of age or older by sex,Female,Age-adjusted Prevalence,73,164065,89140666,No Disability,,,DISEST,SEXIND,SEX02,DISSTAT,NODIS
2017,Disability Estimates,Disability status and types among adults 18 years of age or older by sex,Male,Age-adjusted Prevalence,10.2,18006,12094568,Cognitive Disability,,,DISEST,SEXIND,SEX01,DISTYPE,COGDIS
2017,Disability Estimates,Disability status and types among adults 18 years of age or older by sex,Female,Age-adjusted Prevalence,27,77219,35799965,Any Disability,,,DISEST,SEXIND,SEX02,DISSTAT,DISABL
2017,Disability Estimates,Disability status and types among adults 18 years of age or older by sex,Male,Age-adjusted Prevalence,24.1,54090,29517662,Any Disability,,,DISEST,SEXIND,SEX01,DISSTAT,DISABL
2017,Disability Estimates,Disability status and types among adults 18 years of age or older by sex,Male,Age-adjusted Prevalence,75.9,136529,88757085,No Disability,,,DISEST,SEXIND,SEX01,DISSTAT,NODIS
2017,Disability Estimates,Disability status and types among adults 18 years of age or older by sex,Female,Age-adjusted Prevalence,12.6,28017,15712727,Cognitive Disability,,,DISEST,SEXIND,SEX02,DISTYPE,COGDIS
2016,Disability Estimates,Disability status and types among adults 18 years of age or older by veteran status,Veteran,Age-adjusted Prevalence,72.4,38438,17167286,No Disability,,,DISEST,VETIND,VET1,DISSTAT,NODIS
2016,Disability Estimates,Disability status and types among adults 18 years of age or older by veteran status,Non-Veteran,Age-adjusted Prevalence,75.7,289008,162269204,No Disability,,,DISEST,VETIND,VET2,DISSTAT,NODIS
2016,Disability Estimates,Disability status and types among adults 18 years of age or older by veteran status,Veteran,Age-adjusted Prevalence,27.6,23202,8828842,Any Disability,,,DISEST,VETIND,VET1,DISSTAT,DISABL
2016,Disability Estimates,Disability status and types among adults 18 years of age or older by veteran status,Non-Veteran,Age-adjusted Prevalence,24.3,116104,53678697,Any Disability,,,DISEST,VETIND,VET2,DISSTAT,DISABL
2016,Disability Estimates,Disability status and types among adults 18 years of age or older by veteran status,Non-Veteran,Age-adjusted Prevalence,10.7,41723,23390021,Cognitive Disability,,,DISEST,VETIND,VET2,DISTYPE,COGDIS
2016,Disability Estimates,Disability status and types among adults 18 years of age or older by veteran status,Veteran,Age-adjusted Prevalence,11.4,6390,2787754,Cognitive Disability,,,DISEST,VETIND,VET1,DISTYPE,COGDIS
2017,Disability Estimates,Disability status and types among adults 18 years of age or older by veteran status,Veteran,Age-adjusted Prevalence,71.8,34422,16556595,No Disability,,,DISEST,VETIND,VET1,DISSTAT,NODIS
2017,Disability Estimates,Disability status and types among adults 18 years of age or older by veteran status,Non-Veteran,Age-adjusted Prevalence,74.7,265951,161156683,No Disability,,,DISEST,VETIND,VET2,DISSTAT,NODIS
2017,Disability Estimates,Disability status and types among adults 18 years of age or older by veteran status,Veteran,Age-adjusted Prevalence,12.2,6078,2940757,Cognitive Disability,,,DISEST,VETIND,VET1,DISTYPE,COGDIS
2017,Disability Estimates,Disability status and types among adults 18 years of age or older by veteran status,Veteran,Age-adjusted Prevalence,28.2,21352,8762317,Any Disability,,,DISEST,VETIND,VET1,DISSTAT,DISABL
2017,Disability Estimates,Disability status and types among adults 18 years of age or older by veteran status,Non-Veteran,Age-adjusted Prevalence,11.3,39928,24837318,Cognitive Disability,,,DISEST,VETIND,VET2,DISTYPE,COGDIS
2017,Disability Estimates,Disability status and types among adults 18 years of age or older by veteran status,Non-Veteran,Age-adjusted Prevalence,25.3,109884,56484407,Any Disability,,,DISEST,VETIND,VET2,DISSTAT,DISABL
2016,Mental & Emotional Health,Ever had depression among adults 18 years of age or older,Yes,Age-adjusted Prevalence,56.1,27591,14698680,Cognitive Disability,,,MHLTH,DEPRESS,YESNO01,DISTYPE,COGDIS
2016,Mental & Emotional Health,Ever had depression among adults 18 years of age or older,Yes,Age-adjusted Prevalence,40.3,46784,22497697,Any Disability,,,MHLTH,DEPRESS,YESNO01,DISSTAT,DISABL
2016,Mental & Emotional Health,Ever had depression among adults 18 years of age or older,No,Age-adjusted Prevalence,43.9,20145,11279697,Cognitive Disability,,,MHLTH,DEPRESS,YESNO02,DISTYPE,COGDIS
2016,Mental & Emotional Health,Ever had depression among adults 18 years of age or older,No,Age-adjusted Prevalence,89.9,291103,161000589,No Disability,,,MHLTH,DEPRESS,YESNO02,DISSTAT,NODIS
2016,Mental & Emotional Health,Ever had depression among adults 18 years of age or older,No,Age-adjusted Prevalence,59.7,91753,39656130,Any Disability,,,MHLTH,DEPRESS,YESNO02,DISSTAT,DISABL
2016,Mental & Emotional Health,Ever had depression among adults 18 years of age or older,Yes,Age-adjusted Prevalence,10.1,35866,18096913,No Disability,,,MHLTH,DEPRESS,YESNO01,DISSTAT,NODIS
2016,Mental & Emotional Health,Ever had depression among adults 18 years of age or older,Yes,Age-adjusted Prevalence,6.4,2155,1835760,No Disability,Race/Ethnicity,Hispanic,MHLTH,DEPRESS,YESNO01,DISSTAT,NODIS
2016,Mental & Emotional Health,Ever had depression among adults 18 years of age or older,No,Age-adjusted Prevalence,61.2,5608,2485934,Any Disability,Race/Ethnicity,"Other / Multirace, non-Hispanic",MHLTH,DEPRESS,YESNO02,DISSTAT,DISABL
2016,Mental & Emotional Health,Ever had depression among adults 18 years of age or older,No,Age-adjusted Prevalence,87.5,221155,98554455,No Disability,Race/Ethnicity,"White, non-Hispanic",MHLTH,DEPRESS,YESNO02,DISSTAT,NODIS
2016,Mental & Emotional Health,Ever had depression among adults 18 years of age or older,No,Age-adjusted Prevalence,53,51227,19703017,Any Disability,Sex,Female,MHLTH,DEPRESS,YESNO02,DISSTAT,DISABL
2016,Mental & Emotional Health,Ever had depression among adults 18 years of age or older,No,Age-adjusted Prevalence,92.9,134667,82943085,No Disability,Sex,Male,MHLTH,DEPRESS,YESNO02,DISSTAT,NODIS
2016,Mental & Emotional Health,Ever had depression among adults 18 years of age or older,Yes,Age-adjusted Prevalence,13.1,24946,11763707,No Disability,Sex,Female,MHLTH,DEPRESS,YESNO01,DISSTAT,NODIS
2016,Mental & Emotional Health,Ever had depression among adults 18 years of age or older,No,Age-adjusted Prevalence,67.5,40512,19947351,Any Disability,Sex,Male,MHLTH,DEPRESS,YESNO02,DISSTAT,DISABL
2016,Mental & Emotional Health,Ever had depression among adults 18 years of age or older,Yes,Age-adjusted Prevalence,31,3880,3256171,Any Disability,Race/Ethnicity,Hispanic,MHLTH,DEPRESS,YESNO01,DISSTAT,DISABL
2016,Mental & Emotional Health,Ever had depression among adults 18 years of age or older,No,Age-adjusted Prevalence,93.9,18521,14021756,No Disability,Race/Ethnicity,"Other / Multirace, non-Hispanic",MHLTH,DEPRESS,YESNO02,DISSTAT,NODIS
2016,Mental & Emotional Health,Ever had depression among adults 18 years of age or older,Yes,Age-adjusted Prevalence,45.5,34965,14726716,Any Disability,Race/Ethnicity,"White, non-Hispanic",MHLTH,DEPRESS,YESNO01,DISSTAT,DISABL
2016,Mental & Emotional Health,Ever had depression among adults 18 years of age or older,Yes,Age-adjusted Prevalence,35.5,3815,2603484,Any Disability,Race/Ethnicity,"Black, non-Hispanic",MHLTH,DEPRESS,YESNO01,DISSTAT,DISABL
2016,Mental & Emotional Health,Ever had depression among adults 18 years of age or older,Yes,Age-adjusted Prevalence,7.1,10916,6330179,No Disability,Sex,Male,MHLTH,DEPRESS,YESNO01,DISSTAT,NODIS
2016,Mental & Emotional Health,Ever had depression among adults 18 years of age or older,Yes,Age-adjusted Prevalence,6.9,1689,1381622,No Disability,Race/Ethnicity,"Black, non-Hispanic",MHLTH,DEPRESS,YESNO01,DISSTAT,NODIS
2016,Mental & Emotional Health,Ever had depression among adults 18 years of age or older,Yes,Age-adjusted Prevalence,47,31437,14243957,Any Disability,Sex,Female,MHLTH,DEPRESS,YESNO01,DISSTAT,DISABL
2016,Mental & Emotional Health,Ever had depression among adults 18 years of age or older,No,Age-adjusted Prevalence,93.6,23555,27123371,No Disability,Race/Ethnicity,Hispanic,MHLTH,DEPRESS,YESNO02,DISSTAT,NODIS
2016,Mental & Emotional Health,Ever had depression among adults 18 years of age or older,Yes,Age-adjusted Prevalence,6.1,1726,936420,No Disability,Race/Ethnicity,"Other / Multirace, non-Hispanic",MHLTH,DEPRESS,YESNO01,DISSTAT,NODIS
2016,Mental & Emotional Health,Ever had depression among adults 18 years of age or older,Yes,Age-adjusted Prevalence,12.5,29915,13746978,No Disability,Race/Ethnicity,"White, non-Hispanic",MHLTH,DEPRESS,YESNO01,DISSTAT,NODIS
2016,Mental & Emotional Health,Ever had depression among adults 18 years of age or older,No,Age-adjusted Prevalence,86.9,156417,78048760,No Disability,Sex,Female,MHLTH,DEPRESS,YESNO02,DISSTAT,NODIS
2016,Mental & Emotional Health,Ever had depression among adults 18 years of age or older,No,Age-adjusted Prevalence,69,7483,7219042,Any Disability,Race/Ethnicity,Hispanic,MHLTH,DEPRESS,YESNO02,DISSTAT,DISABL
2016,Mental & Emotional Health,Ever had depression among adults 18 years of age or older,Yes,Age-adjusted Prevalence,32.5,15338,8245499,Any Disability,Sex,Male,MHLTH,DEPRESS,YESNO01,DISSTAT,DISABL
2016,Mental & Emotional Health,Ever had depression among adults 18 years of age or older,No,Age-adjusted Prevalence,93.1,23227,18448789,No Disability,Race/Ethnicity,"Black, non-Hispanic",MHLTH,DEPRESS,YESNO02,DISSTAT,NODIS
2016,Mental & Emotional Health,Ever had depression among adults 18 years of age or older,No,Age-adjusted Prevalence,64.5,8630,5228776,Any Disability,Race/Ethnicity,"Black, non-Hispanic",MHLTH,DEPRESS,YESNO02,DISSTAT,DISABL
2016,Mental & Emotional Health,Ever had depression among adults 18 years of age or older,No,Age-adjusted Prevalence,54.5,68215,23987471,Any Disability,Race/Ethnicity,"White, non-Hispanic",MHLTH,DEPRESS,YESNO02,DISSTAT,DISABL
2016,Mental & Emotional Health,Ever had depression among adults 18 years of age or older,Yes,Age-adjusted Prevalence,38.8,3264,1436653,Any Disability,Race/Ethnicity,"Other / Multirace, non-Hispanic",MHLTH,DEPRESS,YESNO01,DISSTAT,DISABL
2016,Mental & Emotional Health,Ever had depression among adults 18 years of age or older,Yes,Prevalence,21.7,14986,4404610,Any Disability,Age Group,65+,MHLTH,DEPRESS,YESNO01,DISSTAT,DISABL
2016,Mental & Emotional Health,Ever had depression among adults 18 years of age or older,No,Prevalence,78.3,52860,15865752,Any Disability,Age Group,65+,MHLTH,DEPRESS,YESNO02,DISSTAT,DISABL
2016,Mental & Emotional Health,Ever had depression among adults 18 years of age or older,No,Prevalence,54.1,10516,10009967,Any Disability,Age Group,18-44,MHLTH,DEPRESS,YESNO02,DISSTAT,DISABL
2016,Mental & Emotional Health,Ever had depression among adults 18 years of age or older,Yes,Prevalence,10.1,14698,5847878,No Disability,Age Group,45-64,MHLTH,DEPRESS,YESNO01,DISSTAT,NODIS
2016,Mental & Emotional Health,Ever had depression among adults 18 years of age or older,Yes,Prevalence,7.9,8502,2242541,No Disability,Age Group,65+,MHLTH,DEPRESS,YESNO01,DISSTAT,NODIS
2016,Mental & Emotional Health,Ever had depression among adults 18 years of age or older,Yes,Prevalence,41.1,21664,9600046,Any Disability,Age Group,45-64,MHLTH,DEPRESS,YESNO01,DISSTAT,DISABL
2016,Mental & Emotional Health,Ever had depression among adults 18 years of age or older,Yes,Prevalence,10.8,12666,10006495,No Disability,Age Group,18-44,MHLTH,DEPRESS,YESNO01,DISSTAT,NODIS
2016,Mental & Emotional Health,Ever had depression among adults 18 years of age or older,No,Prevalence,89.9,112099,52064892,No Disability,Age Group,45-64,MHLTH,DEPRESS,YESNO02,DISSTAT,NODIS
2016,Mental & Emotional Health,Ever had depression among adults 18 years of age or older,No,Prevalence,89.2,90540,82926370,No Disability,Age Group,18-44,MHLTH,DEPRESS,YESNO02,DISSTAT,NODIS
2016,Mental & Emotional Health,Ever had depression among adults 18 years of age or older,No,Prevalence,92.1,88464,26009327,No Disability,Age Group,65+,MHLTH,DEPRESS,YESNO02,DISSTAT,NODIS
2016,Mental & Emotional Health,Ever had depression among adults 18 years of age or older,Yes,Prevalence,45.9,10134,8493041,Any Disability,Age Group,18-44,MHLTH,DEPRESS,YESNO01,DISSTAT,DISABL
2016,Mental & Emotional Health,Ever had depression among adults 18 years of age or older,No,Prevalence,58.9,28377,13780411,Any Disability,Age Group,45-64,MHLTH,DEPRESS,YESNO02,DISSTAT,DISABL
2017,Mental & Emotional Health,Ever had depression among adults 18 years of age or older,No,Prevalence,75.3,47589,15908324,Any Disability,Age Group,65+,MHLTH,DEPRESS,YESNO02,DISSTAT,DISABL
2017,Mental & Emotional Health,Ever had depression among adults 18 years of age or older,Yes,Age-adjusted Prevalence,50.1,31647,15948424,Any Disability,Sex,Female,MHLTH,DEPRESS,YESNO01,DISSTAT,DISABL
2017,Mental & Emotional Health,Ever had depression among adults 18 years of age or older,Yes,Prevalence,9.9,9159,2868373,No Disability,Age Group,65+,MHLTH,DEPRESS,YESNO01,DISSTAT,NODIS
2017,Mental & Emotional Health,Ever had depression among adults 18 years of age or older,Yes,Prevalence,48.7,10943,9797148,Any Disability,Age Group,18-44,MHLTH,DEPRESS,YESNO01,DISSTAT,DISABL
2017,Mental & Emotional Health,Ever had depression among adults 18 years of age or older,No,Age-adjusted Prevalence,87.9,260944,155941892,No Disability,,,MHLTH,DEPRESS,YESNO02,DISSTAT,NODIS
2017,Mental & Emotional Health,Ever had depression among adults 18 years of age or older,Yes,Age-adjusted Prevalence,48.5,35333,16459875,Any Disability,Race/Ethnicity,"White, non-Hispanic",MHLTH,DEPRESS,YESNO01,DISSTAT,DISABL
2017,Mental & Emotional Health,Ever had depression among adults 18 years of age or older,Yes,Age-adjusted Prevalence,34.2,3901,3614470,Any Disability,Race/Ethnicity,Hispanic,MHLTH,DEPRESS,YESNO01,DISSTAT,DISABL
2017,Mental & Emotional Health,Ever had depression among adults 18 years of age or older,Yes,Age-adjusted Prevalence,14.9,32450,16017619,No Disability,Race/Ethnicity,"White, non-Hispanic",MHLTH,DEPRESS,YESNO01,DISSTAT,NODIS
2017,Mental & Emotional Health,Ever had depression among adults 18 years of age or older,Yes,Prevalence,24.7,15332,5217553,Any Disability,Age Group,65+,MHLTH,DEPRESS,YESNO01,DISSTAT,DISABL
2017,Mental & Emotional Health,Ever had depression among adults 18 years of age or older,No,Age-adjusted Prevalence,91.7,123876,81163463,No Disability,Sex,Male,MHLTH,DEPRESS,YESNO02,DISSTAT,NODIS
2017,Mental & Emotional Health,Ever had depression among adults 18 years of age or older,No,Age-adjusted Prevalence,65.8,6934,7005966,Any Disability,Race/Ethnicity,Hispanic,MHLTH,DEPRESS,YESNO02,DISSTAT,DISABL
2017,Mental & Emotional Health,Ever had depression among adults 18 years of age or older,Yes,Prevalence,11.9,15094,6829367,No Disability,Age Group,45-64,MHLTH,DEPRESS,YESNO01,DISSTAT,NODIS
2017,Mental & Emotional Health,Ever had depression among adults 18 years of age or older,Yes,Age-adjusted Prevalence,59.3,27646,16432524,Cognitive Disability,,,MHLTH,DEPRESS,YESNO01,DISTYPE,COGDIS
2017,Mental & Emotional Health,Ever had depression among adults 18 years of age or older,Yes,Age-adjusted Prevalence,9,1984,1373544,No Disability,Race/Ethnicity,"Other / Multirace, non-Hispanic",MHLTH,DEPRESS,YESNO01,DISSTAT,NODIS
2017,Mental & Emotional Health,Ever had depression among adults 18 years of age or older,No,Age-adjusted Prevalence,40.7,17965,11139366,Cognitive Disability,,,MHLTH,DEPRESS,YESNO02,DISTYPE,COGDIS
2017,Mental & Emotional Health,Ever had depression among adults 18 years of age or older,No,Age-adjusted Prevalence,64.8,37723,19799186,Any Disability,Sex,Male,MHLTH,DEPRESS,YESNO02,DISSTAT,DISABL
2017,Mental & Emotional Health,Ever had depression among adults 18 years of age or older,No,Age-adjusted Prevalence,60.9,7651,5115445,Any Disability,Race/Ethnicity,"Black, non-Hispanic",MHLTH,DEPRESS,YESNO02,DISSTAT,DISABL
2017,Mental & Emotional Health,Ever had depression among adults 18 years of age or older,Yes,Age-adjusted Prevalence,8.2,2328,2370417,No Disability,Race/Ethnicity,Hispanic,MHLTH,DEPRESS,YESNO01,DISSTAT,NODIS
2017,Mental & Emotional Health,Ever had depression among adults 18 years of age or older,No,Prevalence,87.1,83729,79388522,No Disability,Age Group,18-44,MHLTH,DEPRESS,YESNO02,DISSTAT,NODIS
2017,Mental & Emotional Health,Ever had depression among adults 18 years of age or older,No,Age-adjusted Prevalence,49.9,45045,19604348,Any Disability,Sex,Female,MHLTH,DEPRESS,YESNO02,DISSTAT,DISABL
2017,Mental & Emotional Health,Ever had depression among adults 18 years of age or older,No,Prevalence,88.1,97897,50532414,No Disability,Age Group,45-64,MHLTH,DEPRESS,YESNO02,DISSTAT,NODIS
2017,Mental & Emotional Health,Ever had depression among adults 18 years of age or older,Yes,Age-adjusted Prevalence,35.2,15901,9457725,Any Disability,Sex,Male,MHLTH,DEPRESS,YESNO01,DISSTAT,DISABL
2017,Mental & Emotional Health,Ever had depression among adults 18 years of age or older,Yes,Age-adjusted Prevalence,43.3,47590,25441030,Any Disability,,,MHLTH,DEPRESS,YESNO01,DISSTAT,DISABL
2017,Mental & Emotional Health,Ever had depression among adults 18 years of age or older,Yes,Prevalence,44.1,21315,10426329,Any Disability,Age Group,45-64,MHLTH,DEPRESS,YESNO01,DISSTAT,DISABL
2017,Mental & Emotional Health,Ever had depression among adults 18 years of age or older,Yes,Prevalence,12.9,14680,11777142,No Disability,Age Group,18-44,MHLTH,DEPRESS,YESNO01,DISSTAT,NODIS
2017,Mental & Emotional Health,Ever had depression among adults 18 years of age or older,No,Age-adjusted Prevalence,92.6,20415,17968732,No Disability,Race/Ethnicity,"Black, non-Hispanic",MHLTH,DEPRESS,YESNO02,DISSTAT,NODIS
2017,Mental & Emotional Health,Ever had depression among adults 18 years of age or older,Yes,Age-adjusted Prevalence,16,26660,14150377,No Disability,Sex,Female,MHLTH,DEPRESS,YESNO01,DISSTAT,NODIS
2017,Mental & Emotional Health,Ever had depression among adults 18 years of age or older,No,Age-adjusted Prevalence,51.5,60582,23817845,Any Disability,Race/Ethnicity,"White, non-Hispanic",MHLTH,DEPRESS,YESNO02,DISSTAT,DISABL
2017,Mental & Emotional Health,Ever had depression among adults 18 years of age or older,Yes,Age-adjusted Prevalence,12.1,38933,21474882,No Disability,,,MHLTH,DEPRESS,YESNO01,DISSTAT,NODIS
2017,Mental & Emotional Health,Ever had depression among adults 18 years of age or older,Yes,Age-adjusted Prevalence,43.1,3575,1807333,Any Disability,Race/Ethnicity,"Other / Multirace, non-Hispanic",MHLTH,DEPRESS,YESNO01,DISSTAT,DISABL
2017,Mental & Emotional Health,Ever had depression among adults 18 years of age or older,No,Age-adjusted Prevalence,85.1,196108,94362499,No Disability,Race/Ethnicity,"White, non-Hispanic",MHLTH,DEPRESS,YESNO02,DISSTAT,NODIS
2017,Mental & Emotional Health,Ever had depression among adults 18 years of age or older,No,Age-adjusted Prevalence,84,136943,74715840,No Disability,Sex,Female,MHLTH,DEPRESS,YESNO02,DISSTAT,NODIS
2017,Mental & Emotional Health,Ever had depression among adults 18 years of age or older,No,Age-adjusted Prevalence,91.8,21796,26759605,No Disability,Race/Ethnicity,Hispanic,MHLTH,DEPRESS,YESNO02,DISSTAT,NODIS
2017,Mental & Emotional Health,Ever had depression among adults 18 years of age or older,No,Prevalence,51.3,10019,10302673,Any Disability,Age Group,18-44,MHLTH,DEPRESS,YESNO02,DISSTAT,DISABL
2017,Mental & Emotional Health,Ever had depression among adults 18 years of age or older,No,Prevalence,90.1,79318,26020955,No Disability,Age Group,65+,MHLTH,DEPRESS,YESNO02,DISSTAT,NODIS
2017,Mental & Emotional Health,Ever had depression among adults 18 years of age or older,No,Age-adjusted Prevalence,56.9,5814,2557623,Any Disability,Race/Ethnicity,"Other / Multirace, non-Hispanic",MHLTH,DEPRESS,YESNO02,DISSTAT,DISABL
2017,Mental & Emotional Health,Ever had depression among adults 18 years of age or older,Yes,Age-adjusted Prevalence,8.3,12251,7315561,No Disability,Sex,Male,MHLTH,DEPRESS,YESNO01,DISSTAT,NODIS
2017,Mental & Emotional Health,Ever had depression among adults 18 years of age or older,No,Prevalence,55.9,25211,13212789,Any Disability,Age Group,45-64,MHLTH,DEPRESS,YESNO02,DISSTAT,DISABL
2017,Mental & Emotional Health,Ever had depression among adults 18 years of age or older,No,Age-adjusted Prevalence,91,18149,14135571,No Disability,Race/Ethnicity,"Other / Multirace, non-Hispanic",MHLTH,DEPRESS,YESNO02,DISSTAT,NODIS
2017,Mental & Emotional Health,Ever had depression among adults 18 years of age or older,Yes,Age-adjusted Prevalence,7.4,1698,1451171,No Disability,Race/Ethnicity,"Black, non-Hispanic",MHLTH,DEPRESS,YESNO01,DISSTAT,NODIS
2017,Mental & Emotional Health,Ever had depression among adults 18 years of age or older,Yes,Age-adjusted Prevalence,39.1,3863,3090855,Any Disability,Race/Ethnicity,"Black, non-Hispanic",MHLTH,DEPRESS,YESNO01,DISSTAT,DISABL
2017,Mental & Emotional Health,Ever had depression among adults 18 years of age or older,No,Age-adjusted Prevalence,56.7,82819,39423787,Any Disability,,,MHLTH,DEPRESS,YESNO02,DISSTAT,DISABL
2016,Mental & Emotional Health,Mentally unhealthy days in the past 30 days among adults 18 years of age or older,1-13 Days,Age-adjusted Prevalence,27.4,12086,6853314,Cognitive Disability,,,MHLTH,MHDAYS,DAYS02,DISTYPE,COGDIS
2016,Mental & Emotional Health,Mentally unhealthy days in the past 30 days among adults 18 years of age or older,1-13 Days,Age-adjusted Prevalence,25.4,29311,14072269,Any Disability,,,MHLTH,MHDAYS,DAYS02,DISSTAT,DISABL
2016,Mental & Emotional Health,Mentally unhealthy days in the past 30 days among adults 18 years of age or older,0 Days,Age-adjusted Prevalence,71,241315,126190238,No Disability,,,MHLTH,MHDAYS,DAYS01,DISSTAT,NODIS
2016,Mental & Emotional Health,Mentally unhealthy days in the past 30 days among adults 18 years of age or older,14+ Days,Age-adjusted Prevalence,6.3,17655,11278230,No Disability,,,MHLTH,MHDAYS,DAYS03,DISSTAT,NODIS
2016,Mental & Emotional Health,Mentally unhealthy days in the past 30 days among adults 18 years of age or older,0 Days,Age-adjusted Prevalence,42.9,74831,30120556,Any Disability,,,MHLTH,MHDAYS,DAYS01,DISSTAT,DISABL
2016,Mental & Emotional Health,Mentally unhealthy days in the past 30 days among adults 18 years of age or older,0 Days,Age-adjusted Prevalence,27.4,13829,6980281,Cognitive Disability,,,MHLTH,MHDAYS,DAYS01,DISTYPE,COGDIS
2016,Mental & Emotional Health,Mentally unhealthy days in the past 30 days among adults 18 years of age or older,14+ Days,Age-adjusted Prevalence,31.7,31441,16686852,Any Disability,,,MHLTH,MHDAYS,DAYS03,DISSTAT,DISABL
2016,Mental & Emotional Health,Mentally unhealthy days in the past 30 days among adults 18 years of age or older,14+ Days,Age-adjusted Prevalence,45.2,20525,11510642,Cognitive Disability,,,MHLTH,MHDAYS,DAYS03,DISTYPE,COGDIS
2016,Mental & Emotional Health,Mentally unhealthy days in the past 30 days among adults 18 years of age or older,1-13 Days,Age-adjusted Prevalence,22.6,65432,40237341,No Disability,,,MHLTH,MHDAYS,DAYS02,DISSTAT,NODIS
2016,Mental & Emotional Health,Mentally unhealthy days in the past 30 days among adults 18 years of age or older,0 Days,Age-adjusted Prevalence,72.7,18510,14090420,No Disability,Race/Ethnicity,"Black, non-Hispanic",MHLTH,MHDAYS,DAYS01,DISSTAT,NODIS
2016,Mental & Emotional Health,Mentally unhealthy days in the past 30 days among adults 18 years of age or older,1-13 Days,Age-adjusted Prevalence,24.7,50896,26220003,No Disability,Race/Ethnicity,"White, non-Hispanic",MHLTH,MHDAYS,DAYS02,DISSTAT,NODIS
2016,Mental & Emotional Health,Mentally unhealthy days in the past 30 days among adults 18 years of age or older,14+ Days,Age-adjusted Prevalence,29.2,2859,2079437,Any Disability,Race/Ethnicity,"Black, non-Hispanic",MHLTH,MHDAYS,DAYS03,DISSTAT,DISABL
2016,Mental & Emotional Health,Mentally unhealthy days in the past 30 days among adults 18 years of age or older,0 Days,Age-adjusted Prevalence,66.3,127461,59450319,No Disability,Sex,Female,MHLTH,MHDAYS,DAYS01,DISSTAT,NODIS
2016,Mental & Emotional Health,Mentally unhealthy days in the past 30 days among adults 18 years of age or older,1-13 Days,Age-adjusted Prevalence,23.8,10157,5800050,Any Disability,Sex,Male,MHLTH,MHDAYS,DAYS02,DISSTAT,DISABL
2016,Mental & Emotional Health,Mentally unhealthy days in the past 30 days among adults 18 years of age or older,0 Days,Age-adjusted Prevalence,43.8,6415,3639971,Any Disability,Race/Ethnicity,"Black, non-Hispanic",MHLTH,MHDAYS,DAYS01,DISSTAT,DISABL
2016,Mental & Emotional Health,Mentally unhealthy days in the past 30 days among adults 18 years of age or older,0 Days,Age-adjusted Prevalence,75.7,113835,66732557,No Disability,Sex,Male,MHLTH,MHDAYS,DAYS01,DISSTAT,NODIS
2016,Mental & Emotional Health,Mentally unhealthy days in the past 30 days among adults 18 years of age or older,1-13 Days,Age-adjusted Prevalence,26.1,41076,23096055,No Disability,Sex,Female,MHLTH,MHDAYS,DAYS02,DISSTAT,NODIS
2016,Mental & Emotional Health,Mentally unhealthy days in the past 30 days among adults 18 years of age or older,14+ Days,Age-adjusted Prevalence,34.7,22619,10478648,Any Disability,Race/Ethnicity,"White, non-Hispanic",MHLTH,MHDAYS,DAYS03,DISSTAT,DISABL
2016,Mental & Emotional Health,Mentally unhealthy days in the past 30 days among adults 18 years of age or older,1-13 Days,Age-adjusted Prevalence,27,2859,1975576,Any Disability,Race/Ethnicity,"Black, non-Hispanic",MHLTH,MHDAYS,DAYS02,DISSTAT,DISABL
2016,Mental & Emotional Health,Mentally unhealthy days in the past 30 days among adults 18 years of age or older,0 Days,Age-adjusted Prevalence,39.5,56817,18832038,Any Disability,Race/Ethnicity,"White, non-Hispanic",MHLTH,MHDAYS,DAYS01,DISSTAT,DISABL
2016,Mental & Emotional Health,Mentally unhealthy days in the past 30 days among adults 18 years of age or older,0 Days,Age-adjusted Prevalence,37.9,41416,14926808,Any Disability,Sex,Female,MHLTH,MHDAYS,DAYS01,DISSTAT,DISABL
2016,Mental & Emotional Health,Mentally unhealthy days in the past 30 days among adults 18 years of age or older,14+ Days,Age-adjusted Prevalence,5.1,6318,4613519,No Disability,Sex,Male,MHLTH,MHDAYS,DAYS03,DISSTAT,NODIS
2016,Mental & Emotional Health,Mentally unhealthy days in the past 30 days among adults 18 years of age or older,0 Days,Age-adjusted Prevalence,48.7,33409,15192321,Any Disability,Sex,Male,MHLTH,MHDAYS,DAYS01,DISSTAT,DISABL
2016,Mental & Emotional Health,Mentally unhealthy days in the past 30 days among adults 18 years of age or older,1-13 Days,Age-adjusted Prevalence,20.7,4679,4193621,No Disability,Race/Ethnicity,"Black, non-Hispanic",MHLTH,MHDAYS,DAYS02,DISSTAT,NODIS
2016,Mental & Emotional Health,Mentally unhealthy days in the past 30 days among adults 18 years of age or older,14+ Days,Age-adjusted Prevalence,6.8,13106,7198175,No Disability,Race/Ethnicity,"White, non-Hispanic",MHLTH,MHDAYS,DAYS03,DISSTAT,NODIS
2016,Mental & Emotional Health,Mentally unhealthy days in the past 30 days among adults 18 years of age or older,14+ Days,Age-adjusted Prevalence,35.3,20250,10030607,Any Disability,Sex,Female,MHLTH,MHDAYS,DAYS03,DISSTAT,DISABL
2016,Mental & Emotional Health,Mentally unhealthy days in the past 30 days among adults 18 years of age or older,0 Days,Age-adjusted Prevalence,68.6,185263,78174642,No Disability,Race/Ethnicity,"White, non-Hispanic",MHLTH,MHDAYS,DAYS01,DISSTAT,NODIS
2016,Mental & Emotional Health,Mentally unhealthy days in the past 30 days among adults 18 years of age or older,14+ Days,Age-adjusted Prevalence,27.5,11179,6644835,Any Disability,Sex,Male,MHLTH,MHDAYS,DAYS03,DISSTAT,DISABL
2016,Mental & Emotional Health,Mentally unhealthy days in the past 30 days among adults 18 years of age or older,14+ Days,Age-adjusted Prevalence,7.6,11336,6662800,No Disability,Sex,Female,MHLTH,MHDAYS,DAYS03,DISSTAT,NODIS
2016,Mental & Emotional Health,Mentally unhealthy days in the past 30 days among adults 18 years of age or older,1-13 Days,Age-adjusted Prevalence,25.8,21746,8711487,Any Disability,Race/Ethnicity,"White, non-Hispanic",MHLTH,MHDAYS,DAYS02,DISSTAT,DISABL
2016,Mental & Emotional Health,Mentally unhealthy days in the past 30 days among adults 18 years of age or older,1-13 Days,Age-adjusted Prevalence,19.1,24351,17138491,No Disability,Sex,Male,MHLTH,MHDAYS,DAYS02,DISSTAT,NODIS
2016,Mental & Emotional Health,Mentally unhealthy days in the past 30 days among adults 18 years of age or older,14+ Days,Age-adjusted Prevalence,6.6,1464,1339934,No Disability,Race/Ethnicity,"Black, non-Hispanic",MHLTH,MHDAYS,DAYS03,DISSTAT,NODIS
2016,Mental & Emotional Health,Mentally unhealthy days in the past 30 days among adults 18 years of age or older,1-13 Days,Age-adjusted Prevalence,26.8,19150,8271156,Any Disability,Sex,Female,MHLTH,MHDAYS,DAYS02,DISSTAT,DISABL
2016,Mental & Emotional Health,Mentally unhealthy days in the past 30 days among adults 18 years of age or older,1-13 Days,Age-adjusted Prevalence,22.3,4269,3560120,No Disability,Race/Ethnicity,"Other / Multirace, non-Hispanic",MHLTH,MHDAYS,DAYS02,DISSTAT,NODIS
2016,Mental & Emotional Health,Mentally unhealthy days in the past 30 days among adults 18 years of age or older,1-13 Days,Age-adjusted Prevalence,23.3,2309,2269747,Any Disability,Race/Ethnicity,Hispanic,MHLTH,MHDAYS,DAYS02,DISSTAT,DISABL
2016,Mental & Emotional Health,Mentally unhealthy days in the past 30 days among adults 18 years of age or older,14+ Days,Prevalence,8,8262,7386358,No Disability,Age Group,18-44,MHLTH,MHDAYS,DAYS03,DISSTAT,NODIS
2016,Mental & Emotional Health,Mentally unhealthy days in the past 30 days among adults 18 years of age or older,0 Days,Prevalence,85.5,81563,23884921,No Disability,Age Group,65+,MHLTH,MHDAYS,DAYS01,DISSTAT,NODIS
2016,Mental & Emotional Health,Mentally unhealthy days in the past 30 days among adults 18 years of age or older,14+ Days,Prevalence,5.3,6380,3047551,No Disability,Age Group,45-64,MHLTH,MHDAYS,DAYS03,DISSTAT,NODIS
2016,Mental & Emotional Health,Mentally unhealthy days in the past 30 days among adults 18 years of age or older,0 Days,Age-adjusted Prevalence,40.5,4194,1703291,Any Disability,Race/Ethnicity,"Other / Multirace, non-Hispanic",MHLTH,MHDAYS,DAYS01,DISSTAT,DISABL
2016,Mental & Emotional Health,Mentally unhealthy days in the past 30 days among adults 18 years of age or older,1-13 Days,Prevalence,16.8,11574,3324367,Any Disability,Age Group,65+,MHLTH,MHDAYS,DAYS02,DISSTAT,DISABL
2016,Mental & Emotional Health,Mentally unhealthy days in the past 30 days among adults 18 years of age or older,14+ Days,Age-adjusted Prevalence,34.1,2526,1231661,Any Disability,Race/Ethnicity,"Other / Multirace, non-Hispanic",MHLTH,MHDAYS,DAYS03,DISSTAT,DISABL
2016,Mental & Emotional Health,Mentally unhealthy days in the past 30 days among adults 18 years of age or older,0 Days,Prevalence,32.9,6559,5999850,Any Disability,Age Group,18-44,MHLTH,MHDAYS,DAYS01,DISSTAT,DISABL
2016,Mental & Emotional Health,Mentally unhealthy days in the past 30 days among adults 18 years of age or older,14+ Days,Prevalence,3,3013,844320,No Disability,Age Group,65+,MHLTH,MHDAYS,DAYS03,DISSTAT,NODIS
2016,Mental & Emotional Health,Mentally unhealthy days in the past 30 days among adults 18 years of age or older,14+ Days,Age-adjusted Prevalence,5.1,1210,822992,No Disability,Race/Ethnicity,"Other / Multirace, non-Hispanic",MHLTH,MHDAYS,DAYS03,DISSTAT,NODIS
2016,Mental & Emotional Health,Mentally unhealthy days in the past 30 days among adults 18 years of age or older,0 Days,Age-adjusted Prevalence,76.3,19038,21136159,No Disability,Race/Ethnicity,Hispanic,MHLTH,MHDAYS,DAYS01,DISSTAT,NODIS
2016,Mental & Emotional Health,Mentally unhealthy days in the past 30 days among adults 18 years of age or older,0 Days,Prevalence,45.3,22056,10368529,Any Disability,Age Group,45-64,MHLTH,MHDAYS,DAYS01,DISSTAT,DISABL
2016,Mental & Emotional Health,Mentally unhealthy days in the past 30 days among adults 18 years of age or older,14+ Days,Age-adjusted Prevalence,5.6,1599,1736168,No Disability,Race/Ethnicity,Hispanic,MHLTH,MHDAYS,DAYS03,DISSTAT,NODIS
2016,Mental & Emotional Health,Mentally unhealthy days in the past 30 days among adults 18 years of age or older,0 Days,Prevalence,63.7,64932,58834660,No Disability,Age Group,18-44,MHLTH,MHDAYS,DAYS01,DISSTAT,NODIS
2016,Mental & Emotional Health,Mentally unhealthy days in the past 30 days among adults 18 years of age or older,1-13 Days,Prevalence,23.8,11828,5442043,Any Disability,Age Group,45-64,MHLTH,MHDAYS,DAYS02,DISSTAT,DISABL
2016,Mental & Emotional Health,Mentally unhealthy days in the past 30 days among adults 18 years of age or older,14+ Days,Age-adjusted Prevalence,24.8,2757,2476220,Any Disability,Race/Ethnicity,Hispanic,MHLTH,MHDAYS,DAYS03,DISSTAT,DISABL
2016,Mental & Emotional Health,Mentally unhealthy days in the past 30 days among adults 18 years of age or older,0 Days,Age-adjusted Prevalence,72.6,14614,10488381,No Disability,Race/Ethnicity,"Other / Multirace, non-Hispanic",MHLTH,MHDAYS,DAYS01,DISSTAT,NODIS
2016,Mental & Emotional Health,Mentally unhealthy days in the past 30 days among adults 18 years of age or older,0 Days,Prevalence,75.7,94820,43470657,No Disability,Age Group,45-64,MHLTH,MHDAYS,DAYS01,DISSTAT,NODIS
2016,Mental & Emotional Health,Mentally unhealthy days in the past 30 days among adults 18 years of age or older,1-13 Days,Prevalence,29.1,5909,5305859,Any Disability,Age Group,18-44,MHLTH,MHDAYS,DAYS02,DISSTAT,DISABL
2016,Mental & Emotional Health,Mentally unhealthy days in the past 30 days among adults 18 years of age or older,1-13 Days,Prevalence,19,24731,10933655,No Disability,Age Group,45-64,MHLTH,MHDAYS,DAYS02,DISSTAT,NODIS
2016,Mental & Emotional Health,Mentally unhealthy days in the past 30 days among adults 18 years of age or older,14+ Days,Prevalence,13.5,8389,2671662,Any Disability,Age Group,65+,MHLTH,MHDAYS,DAYS03,DISSTAT,DISABL
2016,Mental & Emotional Health,Mentally unhealthy days in the past 30 days among adults 18 years of age or older,1-13 Days,Age-adjusted Prevalence,18.1,4802,5730484,No Disability,Race/Ethnicity,Hispanic,MHLTH,MHDAYS,DAYS02,DISSTAT,NODIS
2016,Mental & Emotional Health,Mentally unhealthy days in the past 30 days among adults 18 years of age or older,0 Days,Prevalence,69.6,46216,13752177,Any Disability,Age Group,65+,MHLTH,MHDAYS,DAYS01,DISSTAT,DISABL
2016,Mental & Emotional Health,Mentally unhealthy days in the past 30 days among adults 18 years of age or older,14+ Days,Prevalence,30.9,15136,7083816,Any Disability,Age Group,45-64,MHLTH,MHDAYS,DAYS03,DISSTAT,DISABL
2016,Mental & Emotional Health,Mentally unhealthy days in the past 30 days among adults 18 years of age or older,0 Days,Age-adjusted Prevalence,51.9,5997,5424088,Any Disability,Race/Ethnicity,Hispanic,MHLTH,MHDAYS,DAYS01,DISSTAT,DISABL
2016,Mental & Emotional Health,Mentally unhealthy days in the past 30 days among adults 18 years of age or older,14+ Days,Prevalence,38,7916,6931374,Any Disability,Age Group,18-44,MHLTH,MHDAYS,DAYS03,DISSTAT,DISABL
2016,Mental & Emotional Health,Mentally unhealthy days in the past 30 days among adults 18 years of age or older,1-13 Days,Age-adjusted Prevalence,25.4,1931,915367,Any Disability,Race/Ethnicity,"Other / Multirace, non-Hispanic",MHLTH,MHDAYS,DAYS02,DISSTAT,DISABL
2016,Mental & Emotional Health,Mentally unhealthy days in the past 30 days among adults 18 years of age or older,1-13 Days,Prevalence,11.5,11344,3206606,No Disability,Age Group,65+,MHLTH,MHDAYS,DAYS02,DISSTAT,NODIS
2016,Mental & Emotional Health,Mentally unhealthy days in the past 30 days among adults 18 years of age or older,1-13 Days,Prevalence,28.3,29357,26097080,No Disability,Age Group,18-44,MHLTH,MHDAYS,DAYS02,DISSTAT,NODIS
2017,Mental & Emotional Health,Mentally unhealthy days in the past 30 days among adults 18 years of age or older,0 Days,Age-adjusted Prevalence,74.7,105363,65523982,No Disability,Sex,Male,MHLTH,MHDAYS,DAYS01,DISSTAT,NODIS
2017,Mental & Emotional Health,Mentally unhealthy days in the past 30 days among adults 18 years of age or older,14+ Days,Age-adjusted Prevalence,7.4,12816,7714142,No Disability,Race/Ethnicity,"White, non-Hispanic",MHLTH,MHDAYS,DAYS03,DISSTAT,NODIS
2017,Mental & Emotional Health,Mentally unhealthy days in the past 30 days among adults 18 years of age or older,1-13 Days,Prevalence,19,22138,10858111,No Disability,Age Group,45-64,MHLTH,MHDAYS,DAYS02,DISSTAT,NODIS
2017,Mental & Emotional Health,Mentally unhealthy days in the past 30 days among adults 18 years of age or older,14+ Days,Age-adjusted Prevalence,7,17436,12261542,No Disability,,,MHLTH,MHDAYS,DAYS03,DISSTAT,NODIS
2017,Mental & Emotional Health,Mentally unhealthy days in the past 30 days among adults 18 years of age or older,0 Days,Age-adjusted Prevalence,72.8,14339,10821134,No Disability,Race/Ethnicity,"Other / Multirace, non-Hispanic",MHLTH,MHDAYS,DAYS01,DISSTAT,NODIS
2017,Mental & Emotional Health,Mentally unhealthy days in the past 30 days among adults 18 years of age or older,1-13 Days,Prevalence,17.9,10948,3683581,Any Disability,Age Group,65+,MHLTH,MHDAYS,DAYS02,DISSTAT,DISABL
2017,Mental & Emotional Health,Mentally unhealthy days in the past 30 days among adults 18 years of age or older,0 Days,Age-adjusted Prevalence,42.6,5729,3651341,Any Disability,Race/Ethnicity,"Black, non-Hispanic",MHLTH,MHDAYS,DAYS01,DISSTAT,DISABL
2017,Mental & Emotional Health,Mentally unhealthy days in the past 30 days among adults 18 years of age or older,0 Days,Prevalence,68.5,42632,14107206,Any Disability,Age Group,65+,MHLTH,MHDAYS,DAYS01,DISSTAT,DISABL
2017,Mental & Emotional Health,Mentally unhealthy days in the past 30 days among adults 18 years of age or older,0 Days,Age-adjusted Prevalence,69.9,218538,123382041,No Disability,,,MHLTH,MHDAYS,DAYS01,DISSTAT,NODIS
2017,Mental & Emotional Health,Mentally unhealthy days in the past 30 days among adults 18 years of age or older,14+ Days,Prevalence,8.9,8379,8095557,No Disability,Age Group,18-44,MHLTH,MHDAYS,DAYS03,DISSTAT,NODIS
2017,Mental & Emotional Health,Mentally unhealthy days in the past 30 days among adults 18 years of age or older,0 Days,Age-adjusted Prevalence,65.1,113068,57802114,No Disability,Sex,Female,MHLTH,MHDAYS,DAYS01,DISSTAT,NODIS
2017,Mental & Emotional Health,Mentally unhealthy days in the past 30 days among adults 18 years of age or older,1-13 Days,Age-adjusted Prevalence,19.5,23455,17290975,No Disability,Sex,Male,MHLTH,MHDAYS,DAYS02,DISSTAT,NODIS
2017,Mental & Emotional Health,Mentally unhealthy days in the past 30 days among adults 18 years of age or older,14+ Days,Age-adjusted Prevalence,25.9,2752,2646004,Any Disability,Race/Ethnicity,Hispanic,MHLTH,MHDAYS,DAYS03,DISSTAT,DISABL
2017,Mental & Emotional Health,Mentally unhealthy days in the past 30 days among adults 18 years of age or older,1-13 Days,Age-adjusted Prevalence,28.1,11730,7493322,Cognitive Disability,,,MHLTH,MHDAYS,DAYS02,DISTYPE,COGDIS
2017,Mental & Emotional Health,Mentally unhealthy days in the past 30 days among adults 18 years of age or older,1-13 Days,Age-adjusted Prevalence,26.2,20469,9238554,Any Disability,Race/Ethnicity,"White, non-Hispanic",MHLTH,MHDAYS,DAYS02,DISSTAT,DISABL
2017,Mental & Emotional Health,Mentally unhealthy days in the past 30 days among adults 18 years of age or older,0 Days,Age-adjusted Prevalence,71.8,16274,13687171,No Disability,Race/Ethnicity,"Black, non-Hispanic",MHLTH,MHDAYS,DAYS01,DISSTAT,NODIS
2017,Mental & Emotional Health,Mentally unhealthy days in the past 30 days among adults 18 years of age or older,14+ Days,Age-adjusted Prevalence,6.4,1637,1991282,No Disability,Race/Ethnicity,Hispanic,MHLTH,MHDAYS,DAYS03,DISSTAT,NODIS
2017,Mental & Emotional Health,Mentally unhealthy days in the past 30 days among adults 18 years of age or older,14+ Days,Age-adjusted Prevalence,35.5,19411,10602100,Any Disability,Sex,Female,MHLTH,MHDAYS,DAYS03,DISSTAT,DISABL
2017,Mental & Emotional Health,Mentally unhealthy days in the past 30 days among adults 18 years of age or older,0 Days,Age-adjusted Prevalence,75.2,17583,20996606,No Disability,Race/Ethnicity,Hispanic,MHLTH,MHDAYS,DAYS01,DISSTAT,NODIS
2017,Mental & Emotional Health,Mentally unhealthy days in the past 30 days among adults 18 years of age or older,14+ Days,Age-adjusted Prevalence,6.9,1353,1358861,No Disability,Race/Ethnicity,"Black, non-Hispanic",MHLTH,MHDAYS,DAYS03,DISSTAT,NODIS
2017,Mental & Emotional Health,Mentally unhealthy days in the past 30 days among adults 18 years of age or older,14+ Days,Age-adjusted Prevalence,32.6,2613,1301594,Any Disability,Race/Ethnicity,"Other / Multirace, non-Hispanic",MHLTH,MHDAYS,DAYS03,DISSTAT,DISABL
2017,Mental & Emotional Health,Mentally unhealthy days in the past 30 days among adults 18 years of age or older,14+ Days,Age-adjusted Prevalence,5.9,1338,991625,No Disability,Race/Ethnicity,"Other / Multirace, non-Hispanic",MHLTH,MHDAYS,DAYS03,DISSTAT,NODIS
2017,Mental & Emotional Health,Mentally unhealthy days in the past 30 days among adults 18 years of age or older,14+ Days,Age-adjusted Prevalence,8.3,10958,7167563,No Disability,Sex,Female,MHLTH,MHDAYS,DAYS03,DISSTAT,NODIS
2017,Mental & Emotional Health,Mentally unhealthy days in the past 30 days among adults 18 years of age or older,0 Days,Prevalence,31.9,6319,6323326,Any Disability,Age Group,18-44,MHLTH,MHDAYS,DAYS01,DISSTAT,DISABL
2017,Mental & Emotional Health,Mentally unhealthy days in the past 30 days among adults 18 years of age or older,1-13 Days,Age-adjusted Prevalence,18.4,4691,5874348,No Disability,Race/Ethnicity,Hispanic,MHLTH,MHDAYS,DAYS02,DISSTAT,NODIS
2017,Mental & Emotional Health,Mentally unhealthy days in the past 30 days among adults 18 years of age or older,1-13 Days,Age-adjusted Prevalence,26.7,2726,2094846,Any Disability,Race/Ethnicity,"Black, non-Hispanic",MHLTH,MHDAYS,DAYS02,DISSTAT,DISABL
2017,Mental & Emotional Health,Mentally unhealthy days in the past 30 days among adults 18 years of age or older,1-13 Days,Age-adjusted Prevalence,26.7,38316,23209951,No Disability,Sex,Female,MHLTH,MHDAYS,DAYS02,DISSTAT,NODIS
2017,Mental & Emotional Health,Mentally unhealthy days in the past 30 days among adults 18 years of age or older,14+ Days,Age-adjusted Prevalence,5.8,6463,5087124,No Disability,Sex,Male,MHLTH,MHDAYS,DAYS03,DISSTAT,NODIS
2017,Mental & Emotional Health,Mentally unhealthy days in the past 30 days among adults 18 years of age or older,0 Days,Age-adjusted Prevalence,41.9,69288,30791972,Any Disability,,,MHLTH,MHDAYS,DAYS01,DISSTAT,DISABL
2017,Mental & Emotional Health,Mentally unhealthy days in the past 30 days among adults 18 years of age or older,14+ Days,Prevalence,5.5,6012,3107831,No Disability,Age Group,45-64,MHLTH,MHDAYS,DAYS03,DISSTAT,NODIS
2017,Mental & Emotional Health,Mentally unhealthy days in the past 30 days among adults 18 years of age or older,14+ Days,Age-adjusted Prevalence,45.8,19921,12320749,Cognitive Disability,,,MHLTH,MHDAYS,DAYS03,DISTYPE,COGDIS
2017,Mental & Emotional Health,Mentally unhealthy days in the past 30 days among adults 18 years of age or older,1-13 Days,Prevalence,11.5,10659,3289087,No Disability,Age Group,65+,MHLTH,MHDAYS,DAYS02,DISSTAT,NODIS
2017,Mental & Emotional Health,Mentally unhealthy days in the past 30 days among adults 18 years of age or older,0 Days,Age-adjusted Prevalence,67.3,166518,75712343,No Disability,Race/Ethnicity,"White, non-Hispanic",MHLTH,MHDAYS,DAYS01,DISSTAT,NODIS
2017,Mental & Emotional Health,Mentally unhealthy days in the past 30 days among adults 18 years of age or older,14+ Days,Age-adjusted Prevalence,30.7,2806,2307675,Any Disability,Race/Ethnicity,"Black, non-Hispanic",MHLTH,MHDAYS,DAYS03,DISSTAT,DISABL
2017,Mental & Emotional Health,Mentally unhealthy days in the past 30 days among adults 18 years of age or older,0 Days,Age-adjusted Prevalence,38.8,52083,19374868,Any Disability,Race/Ethnicity,"White, non-Hispanic",MHLTH,MHDAYS,DAYS01,DISSTAT,DISABL
2017,Mental & Emotional Health,Mentally unhealthy days in the past 30 days among adults 18 years of age or older,1-13 Days,Age-adjusted Prevalence,24.3,9965,6253845,Any Disability,Sex,Male,MHLTH,MHDAYS,DAYS02,DISSTAT,DISABL
2017,Mental & Emotional Health,Mentally unhealthy days in the past 30 days among adults 18 years of age or older,14+ Days,Prevalence,31,14261,7193785,Any Disability,Age Group,45-64,MHLTH,MHDAYS,DAYS03,DISSTAT,DISABL
2017,Mental & Emotional Health,Mentally unhealthy days in the past 30 days among adults 18 years of age or older,1-13 Days,Age-adjusted Prevalence,26,28019,15169648,Any Disability,,,MHLTH,MHDAYS,DAYS02,DISSTAT,DISABL
2017,Mental & Emotional Health,Mentally unhealthy days in the past 30 days among adults 18 years of age or older,1-13 Days,Age-adjusted Prevalence,25.2,47742,26276737,No Disability,Race/Ethnicity,"White, non-Hispanic",MHLTH,MHDAYS,DAYS02,DISSTAT,NODIS
2017,Mental & Emotional Health,Mentally unhealthy days in the past 30 days among adults 18 years of age or older,1-13 Days,Prevalence,29.1,29000,26363366,No Disability,Age Group,18-44,MHLTH,MHDAYS,DAYS02,DISSTAT,NODIS
2017,Mental & Emotional Health,Mentally unhealthy days in the past 30 days among adults 18 years of age or older,14+ Days,Age-adjusted Prevalence,35,21621,10994783,Any Disability,Race/Ethnicity,"White, non-Hispanic",MHLTH,MHDAYS,DAYS03,DISSTAT,DISABL
2017,Mental & Emotional Health,Mentally unhealthy days in the past 30 days among adults 18 years of age or older,1-13 Days,Age-adjusted Prevalence,23.1,61797,40510563,No Disability,,,MHLTH,MHDAYS,DAYS02,DISSTAT,NODIS
2017,Mental & Emotional Health,Mentally unhealthy days in the past 30 days among adults 18 years of age or older,1-13 Days,Age-adjusted Prevalence,25.3,2246,2522583,Any Disability,Race/Ethnicity,Hispanic,MHLTH,MHDAYS,DAYS02,DISSTAT,DISABL
2017,Mental & Emotional Health,Mentally unhealthy days in the past 30 days among adults 18 years of age or older,14+ Days,Age-adjusted Prevalence,32.1,30483,17664683,Any Disability,,,MHLTH,MHDAYS,DAYS03,DISSTAT,DISABL
2017,Mental & Emotional Health,Mentally unhealthy days in the past 30 days among adults 18 years of age or older,1-13 Days,Age-adjusted Prevalence,21.3,4310,3617767,No Disability,Race/Ethnicity,"Other / Multirace, non-Hispanic",MHLTH,MHDAYS,DAYS02,DISSTAT,NODIS
2017,Mental & Emotional Health,Mentally unhealthy days in the past 30 days among adults 18 years of age or older,0 Days,Age-adjusted Prevalence,47.6,31694,15463946,Any Disability,Sex,Male,MHLTH,MHDAYS,DAYS01,DISSTAT,DISABL
2017,Mental & Emotional Health,Mentally unhealthy days in the past 30 days among adults 18 years of age or older,14+ Days,Age-adjusted Prevalence,28,11037,7047228,Any Disability,Sex,Male,MHLTH,MHDAYS,DAYS03,DISSTAT,DISABL
2017,Mental & Emotional Health,Mentally unhealthy days in the past 30 days among adults 18 years of age or older,0 Days,Age-adjusted Prevalence,26.1,12747,7075840,Cognitive Disability,,,MHLTH,MHDAYS,DAYS01,DISTYPE,COGDIS
2017,Mental & Emotional Health,Mentally unhealthy days in the past 30 days among adults 18 years of age or older,14+ Days,Prevalence,3.7,3045,1058155,No Disability,Age Group,65+,MHLTH,MHDAYS,DAYS03,DISSTAT,NODIS
2017,Mental & Emotional Health,Mentally unhealthy days in the past 30 days among adults 18 years of age or older,0 Days,Prevalence,62,60467,56140189,No Disability,Age Group,18-44,MHLTH,MHDAYS,DAYS01,DISSTAT,NODIS
2017,Mental & Emotional Health,Mentally unhealthy days in the past 30 days among adults 18 years of age or older,1-13 Days,Age-adjusted Prevalence,21.3,4283,4197102,No Disability,Race/Ethnicity,"Black, non-Hispanic",MHLTH,MHDAYS,DAYS02,DISSTAT,NODIS
2017,Mental & Emotional Health,Mentally unhealthy days in the past 30 days among adults 18 years of age or older,1-13 Days,Prevalence,29.6,6007,5870472,Any Disability,Age Group,18-44,MHLTH,MHDAYS,DAYS02,DISSTAT,DISABL
2017,Mental & Emotional Health,Mentally unhealthy days in the past 30 days among adults 18 years of age or older,0 Days,Age-adjusted Prevalence,41.9,4504,1912027,Any Disability,Race/Ethnicity,"Other / Multirace, non-Hispanic",MHLTH,MHDAYS,DAYS01,DISSTAT,DISABL
2017,Mental & Emotional Health,Mentally unhealthy days in the past 30 days among adults 18 years of age or older,1-13 Days,Prevalence,24.2,11064,5615595,Any Disability,Age Group,45-64,MHLTH,MHDAYS,DAYS02,DISSTAT,DISABL
2017,Mental & Emotional Health,Mentally unhealthy days in the past 30 days among adults 18 years of age or older,1-13 Days,Age-adjusted Prevalence,25.5,2081,1057127,Any Disability,Race/Ethnicity,"Other / Multirace, non-Hispanic",MHLTH,MHDAYS,DAYS02,DISSTAT,DISABL
2017,Mental & Emotional Health,Mentally unhealthy days in the past 30 days among adults 18 years of age or older,0 Days,Age-adjusted Prevalence,48.8,5543,5199081,Any Disability,Race/Ethnicity,Hispanic,MHLTH,MHDAYS,DAYS01,DISSTAT,DISABL
2017,Mental & Emotional Health,Mentally unhealthy days in the past 30 days among adults 18 years of age or older,14+ Days,Prevalence,13.7,7869,2813087,Any Disability,Age Group,65+,MHLTH,MHDAYS,DAYS03,DISSTAT,DISABL
2017,Mental & Emotional Health,Mentally unhealthy days in the past 30 days among adults 18 years of age or older,0 Days,Prevalence,44.7,20337,10361439,Any Disability,Age Group,45-64,MHLTH,MHDAYS,DAYS01,DISSTAT,DISABL
2017,Mental & Emotional Health,Mentally unhealthy days in the past 30 days among adults 18 years of age or older,0 Days,Prevalence,75.5,84173,43044802,No Disability,Age Group,45-64,MHLTH,MHDAYS,DAYS01,DISSTAT,NODIS
2017,Mental & Emotional Health,Mentally unhealthy days in the past 30 days among adults 18 years of age or older,0 Days,Prevalence,84.8,73898,24197050,No Disability,Age Group,65+,MHLTH,MHDAYS,DAYS01,DISSTAT,NODIS
2017,Mental & Emotional Health,Mentally unhealthy days in the past 30 days among adults 18 years of age or older,14+ Days,Prevalence,38.6,8353,7657811,Any Disability,Age Group,18-44,MHLTH,MHDAYS,DAYS03,DISSTAT,DISABL
2017,Mental & Emotional Health,Mentally unhealthy days in the past 30 days among adults 18 years of age or older,0 Days,Age-adjusted Prevalence,37.1,37553,15310653,Any Disability,Sex,Female,MHLTH,MHDAYS,DAYS01,DISSTAT,DISABL
2017,Mental & Emotional Health,Mentally unhealthy days in the past 30 days among adults 18 years of age or older,1-13 Days,Age-adjusted Prevalence,27.3,18038,8893400,Any Disability,Sex,Female,MHLTH,MHDAYS,DAYS02,DISSTAT,DISABL
